sku,name,chain,units_per_pack,pack_type,unit_weight_kg,unit_volume_m3,temp_requirement,depot_name,last_updated
ST-BELT-01,12-unit Assortment Carton - Full Grain Leather Casual Belts,Style,12,Assortment Carton,2.69,0.0101,Ambient,Peliyagoda Central,2026-10-03T12:30:00
ST-BLZR-02,16-unit Hanging Garment Carton - Single-Breasted Casual Blazers,Style,16,Hanging Garment Carton,17.95,0.1344,Ambient,Peliyagoda Central,2026-10-03T12:30:00
ST-DNM-01,20-unit Assortment Carton - Slim-Fit Stretch Denim Jeans,Style,20,Assortment Carton,14.69,0.0525,Ambient,Peliyagoda Central,2026-10-03T12:30:00
ST-DRSS-03,24-unit Hanging Garment Carton - Linen Wrap Floral Midi Dress,Style,24,Hanging Garment Carton,11.02,0.0554,Ambient,Peliyagoda Central,2026-10-03T12:30:00
ST-POLO-01,30-unit Hanging Garment Carton - Pique Cotton Polo Shirts (Navy/White),Style,30,Hanging Garment Carton,10.71,0.0473,Ambient,Peliyagoda Central,2026-10-03T12:30:00
ST-SAND-02,12-unit Shoe Carton - Leather Beach Sandals,Style,12,Shoe Carton,9.18,0.0504,Ambient,Peliyagoda Central,2026-10-03T12:30:00
ST-SWTR-01,16-unit Assortment Carton - Merino Wool Knit Sweaters,Style,16,Assortment Carton,8.98,0.0504,Ambient,Peliyagoda Central,2026-10-03T12:30:00
ST-TSH-02,20-unit Assortment Carton - Organic Heavyweight Crew Neck Tees,Style,20,Assortment Carton,5.71,0.0252,Ambient,Peliyagoda Central,2026-10-03T12:30:00
ST-BAG-01,24-unit Assortment Carton - Canvas Weekender Bags,Style,24,Assortment Carton,16.65,0.1638,Ambient,Peliyagoda Central,2026-10-03T12:30:00
ST-JKT-01,30-unit Hanging Garment Carton - Lightweight Quilted Jackets,Style,30,Hanging Garment Carton,25.09,0.2142,Ambient,Peliyagoda Central,2026-10-03T12:30:00
ST-SHR-01,12-unit Hanging Garment Carton - Linen Long-Sleeve Shirts,Style,12,Hanging Garment Carton,3.92,0.0227,Ambient,Peliyagoda Central,2026-10-03T12:30:00
ST-SKRT-01,16-unit Assortment Carton - Pleated Midi Skirts,Style,16,Assortment Carton,6.20,0.0403,Ambient,Peliyagoda Central,2026-10-03T12:30:00
ST-SNKR-01,20-unit Shoe Carton - Classic Canvas Sneakers,Style,20,Shoe Carton,17.95,0.1092,Ambient,Peliyagoda Central,2026-10-03T12:30:00
ST-TEE-100,24-unit Hanging Garment Carton - Core Navy Cotton Crew Neck T-Shirt XS,Style,24,Hanging Garment Carton,6.85,0.0302,Ambient,Peliyagoda Central,2026-10-03T12:30:00
ST-SHR-101,30-unit Hanging Garment Carton - Core Navy Oxford Button-Down Shirt XS,Style,30,Hanging Garment Carton,10.71,0.0567,Ambient,Peliyagoda Central,2026-10-03T12:30:00
ST-JNS-102,12-unit Assortment Carton - Core Navy Straight Fit Denim Jeans XS,Style,12,Assortment Carton,8.81,0.0315,Ambient,Peliyagoda Central,2026-10-03T12:30:00
ST-DRS-103,16-unit Hanging Garment Carton - Core Navy Printed Midi Dress XS,Style,16,Hanging Garment Carton,7.34,0.0386,Ambient,Peliyagoda Central,2026-10-03T12:30:00
ST-JKT-104,20-unit Hanging Garment Carton - Core Navy Lightweight Bomber Jacket XS,Style,20,Hanging Garment Carton,15.50,0.1260,Ambient,Peliyagoda Central,2026-10-03T12:30:00
ST-SNE-105,24-unit Shoe Carton - Core Navy Everyday Canvas Sneakers XS,Style,24,Shoe Carton,21.54,0.1310,Ambient,Peliyagoda Central,2026-10-03T12:30:00
ST-BAG-106,30-unit Assortment Carton - Core Navy Structured Tote Bag XS,Style,30,Assortment Carton,19.58,0.1890,Ambient,Peliyagoda Central,2026-10-03T12:30:00
ST-KNT-107,12-unit Assortment Carton - Core Navy Fine Knit Cardigan XS,Style,12,Assortment Carton,5.88,0.0353,Ambient,Peliyagoda Central,2026-10-03T12:30:00
ST-SKT-108,16-unit Assortment Carton - Core Navy Pleated A-Line Skirt XS,Style,16,Assortment Carton,6.53,0.0403,Ambient,Peliyagoda Central,2026-10-03T12:30:00
ST-ACC-109,20-unit Assortment Carton - Core Navy Woven Fashion Scarf XS,Style,20,Assortment Carton,3.67,0.0210,Ambient,Peliyagoda Central,2026-10-03T12:30:00
ST-TEE-110,24-unit Hanging Garment Carton - Core Black Cotton Crew Neck T-Shirt XS,Style,24,Hanging Garment Carton,6.85,0.0302,Ambient,Peliyagoda Central,2026-10-03T12:30:00
ST-SHR-111,30-unit Hanging Garment Carton - Core Black Oxford Button-Down Shirt XS,Style,30,Hanging Garment Carton,10.71,0.0567,Ambient,Peliyagoda Central,2026-10-03T12:30:00
ST-JNS-112,12-unit Assortment Carton - Core Black Straight Fit Denim Jeans XS,Style,12,Assortment Carton,8.81,0.0315,Ambient,Peliyagoda Central,2026-10-03T12:30:00
ST-DRS-113,16-unit Hanging Garment Carton - Core Black Printed Midi Dress XS,Style,16,Hanging Garment Carton,7.34,0.0386,Ambient,Peliyagoda Central,2026-10-03T12:30:00
ST-JKT-114,20-unit Hanging Garment Carton - Core Black Lightweight Bomber Jacket XS,Style,20,Hanging Garment Carton,15.50,0.1260,Ambient,Peliyagoda Central,2026-10-03T12:30:00
ST-SNE-115,24-unit Shoe Carton - Core Black Everyday Canvas Sneakers XS,Style,24,Shoe Carton,21.54,0.1310,Ambient,Peliyagoda Central,2026-10-03T12:30:00
ST-BAG-116,30-unit Assortment Carton - Core Black Structured Tote Bag XS,Style,30,Assortment Carton,19.58,0.1890,Ambient,Peliyagoda Central,2026-10-03T12:30:00
ST-KNT-117,12-unit Assortment Carton - Core Black Fine Knit Cardigan XS,Style,12,Assortment Carton,5.88,0.0353,Ambient,Peliyagoda Central,2026-10-03T12:30:00
ST-SKT-118,16-unit Assortment Carton - Core Black Pleated A-Line Skirt XS,Style,16,Assortment Carton,6.53,0.0403,Ambient,Peliyagoda Central,2026-10-03T12:30:00
ST-ACC-119,20-unit Assortment Carton - Core Black Woven Fashion Scarf XS,Style,20,Assortment Carton,3.67,0.0210,Ambient,Peliyagoda Central,2026-10-03T12:30:00
ST-TEE-120,24-unit Hanging Garment Carton - Core White Cotton Crew Neck T-Shirt XS,Style,24,Hanging Garment Carton,6.85,0.0302,Ambient,Peliyagoda Central,2026-10-03T12:30:00
ST-SHR-121,30-unit Hanging Garment Carton - Core White Oxford Button-Down Shirt XS,Style,30,Hanging Garment Carton,10.71,0.0567,Ambient,Peliyagoda Central,2026-10-03T12:30:00
ST-JNS-122,12-unit Assortment Carton - Core White Straight Fit Denim Jeans XS,Style,12,Assortment Carton,8.81,0.0315,Ambient,Peliyagoda Central,2026-10-03T12:30:00
ST-DRS-123,16-unit Hanging Garment Carton - Core White Printed Midi Dress XS,Style,16,Hanging Garment Carton,7.34,0.0386,Ambient,Peliyagoda Central,2026-10-03T12:30:00
ST-JKT-124,20-unit Hanging Garment Carton - Core White Lightweight Bomber Jacket XS,Style,20,Hanging Garment Carton,15.50,0.1260,Ambient,Peliyagoda Central,2026-10-03T12:30:00
ST-SNE-125,24-unit Shoe Carton - Core White Everyday Canvas Sneakers XS,Style,24,Shoe Carton,21.54,0.1310,Ambient,Peliyagoda Central,2026-10-03T12:30:00
ST-BAG-126,30-unit Assortment Carton - Core White Structured Tote Bag XS,Style,30,Assortment Carton,19.58,0.1890,Ambient,Peliyagoda Central,2026-10-03T12:30:00
ST-KNT-127,12-unit Assortment Carton - Core White Fine Knit Cardigan XS,Style,12,Assortment Carton,5.88,0.0353,Ambient,Peliyagoda Central,2026-10-03T12:30:00
ST-SKT-128,16-unit Assortment Carton - Core White Pleated A-Line Skirt XS,Style,16,Assortment Carton,6.53,0.0403,Ambient,Peliyagoda Central,2026-10-03T12:30:00
ST-ACC-129,20-unit Assortment Carton - Core White Woven Fashion Scarf XS,Style,20,Assortment Carton,3.67,0.0210,Ambient,Peliyagoda Central,2026-10-03T12:30:00
ST-TEE-130,24-unit Hanging Garment Carton - Core Olive Cotton Crew Neck T-Shirt XS,Style,24,Hanging Garment Carton,6.85,0.0302,Ambient,Peliyagoda Central,2026-10-03T12:30:00
ST-SHR-131,30-unit Hanging Garment Carton - Core Olive Oxford Button-Down Shirt XS,Style,30,Hanging Garment Carton,10.71,0.0567,Ambient,Peliyagoda Central,2026-10-03T12:30:00
ST-JNS-132,12-unit Assortment Carton - Core Olive Straight Fit Denim Jeans XS,Style,12,Assortment Carton,8.81,0.0315,Ambient,Peliyagoda Central,2026-10-03T12:30:00
ST-DRS-133,16-unit Hanging Garment Carton - Core Olive Printed Midi Dress XS,Style,16,Hanging Garment Carton,7.34,0.0386,Ambient,Peliyagoda Central,2026-10-03T12:30:00
ST-JKT-134,20-unit Hanging Garment Carton - Core Olive Lightweight Bomber Jacket XS,Style,20,Hanging Garment Carton,15.50,0.1260,Ambient,Peliyagoda Central,2026-10-03T12:30:00
ST-SNE-135,24-unit Shoe Carton - Core Olive Everyday Canvas Sneakers XS,Style,24,Shoe Carton,21.54,0.1310,Ambient,Peliyagoda Central,2026-10-03T12:30:00
ST-BAG-136,30-unit Assortment Carton - Core Olive Structured Tote Bag XS,Style,30,Assortment Carton,19.58,0.1890,Ambient,Peliyagoda Central,2026-10-03T12:30:00
ST-KNT-137,12-unit Assortment Carton - Core Olive Fine Knit Cardigan XS,Style,12,Assortment Carton,5.88,0.0353,Ambient,Peliyagoda Central,2026-10-03T12:30:00
ST-SKT-138,16-unit Assortment Carton - Core Olive Pleated A-Line Skirt XS,Style,16,Assortment Carton,6.53,0.0403,Ambient,Peliyagoda Central,2026-10-03T12:30:00
ST-ACC-139,20-unit Assortment Carton - Core Olive Woven Fashion Scarf XS,Style,20,Assortment Carton,3.67,0.0210,Ambient,Peliyagoda Central,2026-10-03T12:30:00
ST-TEE-140,24-unit Hanging Garment Carton - Core Sand Cotton Crew Neck T-Shirt XS,Style,24,Hanging Garment Carton,6.85,0.0302,Ambient,Peliyagoda Central,2026-10-03T12:30:00
ST-SHR-141,30-unit Hanging Garment Carton - Core Sand Oxford Button-Down Shirt XS,Style,30,Hanging Garment Carton,10.71,0.0567,Ambient,Peliyagoda Central,2026-10-03T12:30:00
ST-JNS-142,12-unit Assortment Carton - Core Sand Straight Fit Denim Jeans XS,Style,12,Assortment Carton,8.81,0.0315,Ambient,Peliyagoda Central,2026-10-03T12:30:00
ST-DRS-143,16-unit Hanging Garment Carton - Core Sand Printed Midi Dress XS,Style,16,Hanging Garment Carton,7.34,0.0386,Ambient,Peliyagoda Central,2026-10-03T12:30:00
ST-JKT-144,20-unit Hanging Garment Carton - Core Sand Lightweight Bomber Jacket XS,Style,20,Hanging Garment Carton,15.50,0.1260,Ambient,Peliyagoda Central,2026-10-03T12:30:00
ST-SNE-145,24-unit Shoe Carton - Core Sand Everyday Canvas Sneakers XS,Style,24,Shoe Carton,21.54,0.1310,Ambient,Peliyagoda Central,2026-10-03T12:30:00
ST-BAG-146,30-unit Assortment Carton - Core Sand Structured Tote Bag XS,Style,30,Assortment Carton,19.58,0.1890,Ambient,Peliyagoda Central,2026-10-03T12:30:00
ST-KNT-147,12-unit Assortment Carton - Core Sand Fine Knit Cardigan XS,Style,12,Assortment Carton,5.88,0.0353,Ambient,Peliyagoda Central,2026-10-03T12:30:00
ST-SKT-148,16-unit Assortment Carton - Core Sand Pleated A-Line Skirt XS,Style,16,Assortment Carton,6.53,0.0403,Ambient,Peliyagoda Central,2026-10-03T12:30:00
ST-ACC-149,20-unit Assortment Carton - Core Sand Woven Fashion Scarf XS,Style,20,Assortment Carton,3.67,0.0210,Ambient,Peliyagoda Central,2026-10-03T12:30:00
ST-TEE-150,24-unit Hanging Garment Carton - Core Burgundy Cotton Crew Neck T-Shirt XS,Style,24,Hanging Garment Carton,6.85,0.0302,Ambient,Peliyagoda Central,2026-10-03T12:30:00
ST-SHR-151,30-unit Hanging Garment Carton - Core Burgundy Oxford Button-Down Shirt XS,Style,30,Hanging Garment Carton,10.71,0.0567,Ambient,Peliyagoda Central,2026-10-03T12:30:00
ST-JNS-152,12-unit Assortment Carton - Core Burgundy Straight Fit Denim Jeans XS,Style,12,Assortment Carton,8.81,0.0315,Ambient,Peliyagoda Central,2026-10-03T12:30:00
ST-DRS-153,16-unit Hanging Garment Carton - Core Burgundy Printed Midi Dress XS,Style,16,Hanging Garment Carton,7.34,0.0386,Ambient,Peliyagoda Central,2026-10-03T12:30:00
ST-JKT-154,20-unit Hanging Garment Carton - Core Burgundy Lightweight Bomber Jacket XS,Style,20,Hanging Garment Carton,15.50,0.1260,Ambient,Peliyagoda Central,2026-10-03T12:30:00
ST-SNE-155,24-unit Shoe Carton - Core Burgundy Everyday Canvas Sneakers XS,Style,24,Shoe Carton,21.54,0.1310,Ambient,Peliyagoda Central,2026-10-03T12:30:00
ST-BAG-156,30-unit Assortment Carton - Core Burgundy Structured Tote Bag XS,Style,30,Assortment Carton,19.58,0.1890,Ambient,Peliyagoda Central,2026-10-03T12:30:00
ST-KNT-157,12-unit Assortment Carton - Core Burgundy Fine Knit Cardigan XS,Style,12,Assortment Carton,5.88,0.0353,Ambient,Peliyagoda Central,2026-10-03T12:30:00
ST-SKT-158,16-unit Assortment Carton - Core Burgundy Pleated A-Line Skirt XS,Style,16,Assortment Carton,6.53,0.0403,Ambient,Peliyagoda Central,2026-10-03T12:30:00
ST-ACC-159,20-unit Assortment Carton - Core Burgundy Woven Fashion Scarf XS,Style,20,Assortment Carton,3.67,0.0210,Ambient,Peliyagoda Central,2026-10-03T12:30:00
ST-TEE-160,24-unit Hanging Garment Carton - Core Sky Blue Cotton Crew Neck T-Shirt XS,Style,24,Hanging Garment Carton,6.85,0.0302,Ambient,Peliyagoda Central,2026-10-03T12:30:00
ST-SHR-161,30-unit Hanging Garment Carton - Core Sky Blue Oxford Button-Down Shirt XS,Style,30,Hanging Garment Carton,10.71,0.0567,Ambient,Peliyagoda Central,2026-10-03T12:30:00
ST-JNS-162,12-unit Assortment Carton - Core Sky Blue Straight Fit Denim Jeans XS,Style,12,Assortment Carton,8.81,0.0315,Ambient,Peliyagoda Central,2026-10-03T12:30:00
ST-DRS-163,16-unit Hanging Garment Carton - Core Sky Blue Printed Midi Dress XS,Style,16,Hanging Garment Carton,7.34,0.0386,Ambient,Peliyagoda Central,2026-10-03T12:30:00
ST-JKT-164,20-unit Hanging Garment Carton - Core Sky Blue Lightweight Bomber Jacket XS,Style,20,Hanging Garment Carton,15.50,0.1260,Ambient,Peliyagoda Central,2026-10-03T12:30:00
ST-SNE-165,24-unit Shoe Carton - Core Sky Blue Everyday Canvas Sneakers XS,Style,24,Shoe Carton,21.54,0.1310,Ambient,Peliyagoda Central,2026-10-03T12:30:00
ST-BAG-166,30-unit Assortment Carton - Core Sky Blue Structured Tote Bag XS,Style,30,Assortment Carton,19.58,0.1890,Ambient,Peliyagoda Central,2026-10-03T12:30:00
ST-KNT-167,12-unit Assortment Carton - Core Sky Blue Fine Knit Cardigan XS,Style,12,Assortment Carton,5.88,0.0353,Ambient,Peliyagoda Central,2026-10-03T12:30:00
ST-SKT-168,16-unit Assortment Carton - Core Sky Blue Pleated A-Line Skirt XS,Style,16,Assortment Carton,6.53,0.0403,Ambient,Peliyagoda Central,2026-10-03T12:30:00
ST-ACC-169,20-unit Assortment Carton - Core Sky Blue Woven Fashion Scarf XS,Style,20,Assortment Carton,3.67,0.0210,Ambient,Peliyagoda Central,2026-10-03T12:30:00
ST-TEE-170,24-unit Hanging Garment Carton - Core Charcoal Cotton Crew Neck T-Shirt XS,Style,24,Hanging Garment Carton,6.85,0.0302,Ambient,Peliyagoda Central,2026-10-03T12:30:00
ST-SHR-171,30-unit Hanging Garment Carton - Core Charcoal Oxford Button-Down Shirt XS,Style,30,Hanging Garment Carton,10.71,0.0567,Ambient,Peliyagoda Central,2026-10-03T12:30:00
ST-JNS-172,12-unit Assortment Carton - Core Charcoal Straight Fit Denim Jeans XS,Style,12,Assortment Carton,8.81,0.0315,Ambient,Peliyagoda Central,2026-10-03T12:30:00
ST-DRS-173,16-unit Hanging Garment Carton - Core Charcoal Printed Midi Dress XS,Style,16,Hanging Garment Carton,7.34,0.0386,Ambient,Peliyagoda Central,2026-10-03T12:30:00
ST-JKT-174,20-unit Hanging Garment Carton - Core Charcoal Lightweight Bomber Jacket XS,Style,20,Hanging Garment Carton,15.50,0.1260,Ambient,Peliyagoda Central,2026-10-03T12:30:00
ST-SNE-175,24-unit Shoe Carton - Core Charcoal Everyday Canvas Sneakers XS,Style,24,Shoe Carton,21.54,0.1310,Ambient,Peliyagoda Central,2026-10-03T12:30:00
ST-BAG-176,30-unit Assortment Carton - Core Charcoal Structured Tote Bag XS,Style,30,Assortment Carton,19.58,0.1890,Ambient,Peliyagoda Central,2026-10-03T12:30:00
ST-KNT-177,12-unit Assortment Carton - Core Charcoal Fine Knit Cardigan XS,Style,12,Assortment Carton,5.88,0.0353,Ambient,Peliyagoda Central,2026-10-03T12:30:00
ST-SKT-178,16-unit Assortment Carton - Core Charcoal Pleated A-Line Skirt XS,Style,16,Assortment Carton,6.53,0.0403,Ambient,Peliyagoda Central,2026-10-03T12:30:00
ST-ACC-179,20-unit Assortment Carton - Core Charcoal Woven Fashion Scarf XS,Style,20,Assortment Carton,3.67,0.0210,Ambient,Peliyagoda Central,2026-10-03T12:30:00
ST-TEE-180,24-unit Hanging Garment Carton - Core Coral Cotton Crew Neck T-Shirt XS,Style,24,Hanging Garment Carton,6.85,0.0302,Ambient,Peliyagoda Central,2026-10-03T12:30:00
ST-SHR-181,30-unit Hanging Garment Carton - Core Coral Oxford Button-Down Shirt XS,Style,30,Hanging Garment Carton,10.71,0.0567,Ambient,Peliyagoda Central,2026-10-03T12:30:00
ST-JNS-182,12-unit Assortment Carton - Core Coral Straight Fit Denim Jeans XS,Style,12,Assortment Carton,8.81,0.0315,Ambient,Peliyagoda Central,2026-10-03T12:30:00
ST-DRS-183,16-unit Hanging Garment Carton - Core Coral Printed Midi Dress XS,Style,16,Hanging Garment Carton,7.34,0.0386,Ambient,Peliyagoda Central,2026-10-03T12:30:00
ST-JKT-184,20-unit Hanging Garment Carton - Core Coral Lightweight Bomber Jacket XS,Style,20,Hanging Garment Carton,15.50,0.1260,Ambient,Peliyagoda Central,2026-10-03T12:30:00
ST-SNE-185,24-unit Shoe Carton - Core Coral Everyday Canvas Sneakers XS,Style,24,Shoe Carton,21.54,0.1310,Ambient,Peliyagoda Central,2026-10-03T12:30:00
ST-BAG-186,30-unit Assortment Carton - Core Coral Structured Tote Bag XS,Style,30,Assortment Carton,19.58,0.1890,Ambient,Peliyagoda Central,2026-10-03T12:30:00
ST-KNT-187,12-unit Assortment Carton - Core Coral Fine Knit Cardigan XS,Style,12,Assortment Carton,5.88,0.0353,Ambient,Peliyagoda Central,2026-10-03T12:30:00
ST-SKT-188,16-unit Assortment Carton - Core Coral Pleated A-Line Skirt XS,Style,16,Assortment Carton,6.53,0.0403,Ambient,Peliyagoda Central,2026-10-03T12:30:00
ST-ACC-189,20-unit Assortment Carton - Core Coral Woven Fashion Scarf XS,Style,20,Assortment Carton,3.67,0.0210,Ambient,Peliyagoda Central,2026-10-03T12:30:00
ST-TEE-190,24-unit Hanging Garment Carton - Core Stone Cotton Crew Neck T-Shirt XS,Style,24,Hanging Garment Carton,6.85,0.0302,Ambient,Peliyagoda Central,2026-10-03T12:30:00
ST-SHR-191,30-unit Hanging Garment Carton - Core Stone Oxford Button-Down Shirt XS,Style,30,Hanging Garment Carton,10.71,0.0567,Ambient,Peliyagoda Central,2026-10-03T12:30:00
ST-JNS-192,12-unit Assortment Carton - Core Stone Straight Fit Denim Jeans XS,Style,12,Assortment Carton,8.81,0.0315,Ambient,Peliyagoda Central,2026-10-03T12:30:00
ST-DRS-193,16-unit Hanging Garment Carton - Core Stone Printed Midi Dress XS,Style,16,Hanging Garment Carton,7.34,0.0386,Ambient,Peliyagoda Central,2026-10-03T12:30:00
ST-JKT-194,20-unit Hanging Garment Carton - Core Stone Lightweight Bomber Jacket XS,Style,20,Hanging Garment Carton,15.50,0.1260,Ambient,Peliyagoda Central,2026-10-03T12:30:00
ST-SNE-195,24-unit Shoe Carton - Core Stone Everyday Canvas Sneakers XS,Style,24,Shoe Carton,21.54,0.1310,Ambient,Peliyagoda Central,2026-10-03T12:30:00
ST-BAG-196,30-unit Assortment Carton - Core Stone Structured Tote Bag XS,Style,30,Assortment Carton,19.58,0.1890,Ambient,Peliyagoda Central,2026-10-03T12:30:00
ST-KNT-197,12-unit Assortment Carton - Core Stone Fine Knit Cardigan XS,Style,12,Assortment Carton,5.88,0.0353,Ambient,Peliyagoda Central,2026-10-03T12:30:00
ST-SKT-198,16-unit Assortment Carton - Core Stone Pleated A-Line Skirt XS,Style,16,Assortment Carton,6.53,0.0403,Ambient,Peliyagoda Central,2026-10-03T12:30:00
ST-ACC-199,20-unit Assortment Carton - Core Stone Woven Fashion Scarf XS,Style,20,Assortment Carton,3.67,0.0210,Ambient,Peliyagoda Central,2026-10-03T12:30:00
ST-TEE-200,24-unit Hanging Garment Carton - Core Navy Cotton Crew Neck T-Shirt S,Style,24,Hanging Garment Carton,6.85,0.0302,Ambient,Peliyagoda Central,2026-10-03T12:30:00
ST-SHR-201,30-unit Hanging Garment Carton - Core Navy Oxford Button-Down Shirt S,Style,30,Hanging Garment Carton,10.71,0.0567,Ambient,Peliyagoda Central,2026-10-03T12:30:00
ST-JNS-202,12-unit Assortment Carton - Core Navy Straight Fit Denim Jeans S,Style,12,Assortment Carton,8.81,0.0315,Ambient,Peliyagoda Central,2026-10-03T12:30:00
ST-DRS-203,16-unit Hanging Garment Carton - Core Navy Printed Midi Dress S,Style,16,Hanging Garment Carton,7.34,0.0386,Ambient,Peliyagoda Central,2026-10-03T12:30:00
ST-JKT-204,20-unit Hanging Garment Carton - Core Navy Lightweight Bomber Jacket S,Style,20,Hanging Garment Carton,15.50,0.1260,Ambient,Peliyagoda Central,2026-10-03T12:30:00
ST-SNE-205,24-unit Shoe Carton - Core Navy Everyday Canvas Sneakers S,Style,24,Shoe Carton,21.54,0.1310,Ambient,Peliyagoda Central,2026-10-03T12:30:00
ST-BAG-206,30-unit Assortment Carton - Core Navy Structured Tote Bag S,Style,30,Assortment Carton,19.58,0.1890,Ambient,Peliyagoda Central,2026-10-03T12:30:00
ST-KNT-207,12-unit Assortment Carton - Core Navy Fine Knit Cardigan S,Style,12,Assortment Carton,5.88,0.0353,Ambient,Peliyagoda Central,2026-10-03T12:30:00
ST-SKT-208,16-unit Assortment Carton - Core Navy Pleated A-Line Skirt S,Style,16,Assortment Carton,6.53,0.0403,Ambient,Peliyagoda Central,2026-10-03T12:30:00
ST-ACC-209,20-unit Assortment Carton - Core Navy Woven Fashion Scarf S,Style,20,Assortment Carton,3.67,0.0210,Ambient,Peliyagoda Central,2026-10-03T12:30:00
ST-TEE-210,24-unit Hanging Garment Carton - Core Black Cotton Crew Neck T-Shirt S,Style,24,Hanging Garment Carton,6.85,0.0302,Ambient,Peliyagoda Central,2026-10-03T12:30:00
ST-SHR-211,30-unit Hanging Garment Carton - Core Black Oxford Button-Down Shirt S,Style,30,Hanging Garment Carton,10.71,0.0567,Ambient,Peliyagoda Central,2026-10-03T12:30:00
ST-JNS-212,12-unit Assortment Carton - Core Black Straight Fit Denim Jeans S,Style,12,Assortment Carton,8.81,0.0315,Ambient,Peliyagoda Central,2026-10-03T12:30:00
ST-DRS-213,16-unit Hanging Garment Carton - Core Black Printed Midi Dress S,Style,16,Hanging Garment Carton,7.34,0.0386,Ambient,Peliyagoda Central,2026-10-03T12:30:00
ST-JKT-214,20-unit Hanging Garment Carton - Core Black Lightweight Bomber Jacket S,Style,20,Hanging Garment Carton,15.50,0.1260,Ambient,Peliyagoda Central,2026-10-03T12:30:00
ST-SNE-215,24-unit Shoe Carton - Core Black Everyday Canvas Sneakers S,Style,24,Shoe Carton,21.54,0.1310,Ambient,Peliyagoda Central,2026-10-03T12:30:00
ST-BAG-216,30-unit Assortment Carton - Core Black Structured Tote Bag S,Style,30,Assortment Carton,19.58,0.1890,Ambient,Peliyagoda Central,2026-10-03T12:30:00
ST-KNT-217,12-unit Assortment Carton - Core Black Fine Knit Cardigan S,Style,12,Assortment Carton,5.88,0.0353,Ambient,Peliyagoda Central,2026-10-03T12:30:00
ST-SKT-218,16-unit Assortment Carton - Core Black Pleated A-Line Skirt S,Style,16,Assortment Carton,6.53,0.0403,Ambient,Peliyagoda Central,2026-10-03T12:30:00
ST-ACC-219,20-unit Assortment Carton - Core Black Woven Fashion Scarf S,Style,20,Assortment Carton,3.67,0.0210,Ambient,Peliyagoda Central,2026-10-03T12:30:00
ST-TEE-220,24-unit Hanging Garment Carton - Core White Cotton Crew Neck T-Shirt S,Style,24,Hanging Garment Carton,6.85,0.0302,Ambient,Peliyagoda Central,2026-10-03T12:30:00
ST-SHR-221,30-unit Hanging Garment Carton - Core White Oxford Button-Down Shirt S,Style,30,Hanging Garment Carton,10.71,0.0567,Ambient,Peliyagoda Central,2026-10-03T12:30:00
ST-JNS-222,12-unit Assortment Carton - Core White Straight Fit Denim Jeans S,Style,12,Assortment Carton,8.81,0.0315,Ambient,Peliyagoda Central,2026-10-03T12:30:00
ST-DRS-223,16-unit Hanging Garment Carton - Core White Printed Midi Dress S,Style,16,Hanging Garment Carton,7.34,0.0386,Ambient,Peliyagoda Central,2026-10-03T12:30:00
ST-JKT-224,20-unit Hanging Garment Carton - Core White Lightweight Bomber Jacket S,Style,20,Hanging Garment Carton,15.50,0.1260,Ambient,Peliyagoda Central,2026-10-03T12:30:00
ST-SNE-225,24-unit Shoe Carton - Core White Everyday Canvas Sneakers S,Style,24,Shoe Carton,21.54,0.1310,Ambient,Peliyagoda Central,2026-10-03T12:30:00
ST-BAG-226,30-unit Assortment Carton - Core White Structured Tote Bag S,Style,30,Assortment Carton,19.58,0.1890,Ambient,Peliyagoda Central,2026-10-03T12:30:00
ST-KNT-227,12-unit Assortment Carton - Core White Fine Knit Cardigan S,Style,12,Assortment Carton,5.88,0.0353,Ambient,Peliyagoda Central,2026-10-03T12:30:00
ST-SKT-228,16-unit Assortment Carton - Core White Pleated A-Line Skirt S,Style,16,Assortment Carton,6.53,0.0403,Ambient,Peliyagoda Central,2026-10-03T12:30:00
ST-ACC-229,20-unit Assortment Carton - Core White Woven Fashion Scarf S,Style,20,Assortment Carton,3.67,0.0210,Ambient,Peliyagoda Central,2026-10-03T12:30:00
ST-TEE-230,24-unit Hanging Garment Carton - Core Olive Cotton Crew Neck T-Shirt S,Style,24,Hanging Garment Carton,6.85,0.0302,Ambient,Peliyagoda Central,2026-10-03T12:30:00
ST-SHR-231,30-unit Hanging Garment Carton - Core Olive Oxford Button-Down Shirt S,Style,30,Hanging Garment Carton,10.71,0.0567,Ambient,Peliyagoda Central,2026-10-03T12:30:00
ST-JNS-232,12-unit Assortment Carton - Core Olive Straight Fit Denim Jeans S,Style,12,Assortment Carton,8.81,0.0315,Ambient,Peliyagoda Central,2026-10-03T12:30:00
ST-DRS-233,16-unit Hanging Garment Carton - Core Olive Printed Midi Dress S,Style,16,Hanging Garment Carton,7.34,0.0386,Ambient,Peliyagoda Central,2026-10-03T12:30:00
ST-JKT-234,20-unit Hanging Garment Carton - Core Olive Lightweight Bomber Jacket S,Style,20,Hanging Garment Carton,15.50,0.1260,Ambient,Peliyagoda Central,2026-10-03T12:30:00
ST-SNE-235,24-unit Shoe Carton - Core Olive Everyday Canvas Sneakers S,Style,24,Shoe Carton,21.54,0.1310,Ambient,Peliyagoda Central,2026-10-03T12:30:00
ST-BAG-236,30-unit Assortment Carton - Core Olive Structured Tote Bag S,Style,30,Assortment Carton,19.58,0.1890,Ambient,Peliyagoda Central,2026-10-03T12:30:00
ST-KNT-237,12-unit Assortment Carton - Core Olive Fine Knit Cardigan S,Style,12,Assortment Carton,5.88,0.0353,Ambient,Peliyagoda Central,2026-10-03T12:30:00
ST-SKT-238,16-unit Assortment Carton - Core Olive Pleated A-Line Skirt S,Style,16,Assortment Carton,6.53,0.0403,Ambient,Peliyagoda Central,2026-10-03T12:30:00
ST-ACC-239,20-unit Assortment Carton - Core Olive Woven Fashion Scarf S,Style,20,Assortment Carton,3.67,0.0210,Ambient,Peliyagoda Central,2026-10-03T12:30:00
ST-TEE-240,24-unit Hanging Garment Carton - Core Sand Cotton Crew Neck T-Shirt S,Style,24,Hanging Garment Carton,6.85,0.0302,Ambient,Peliyagoda Central,2026-10-03T12:30:00
ST-SHR-241,30-unit Hanging Garment Carton - Core Sand Oxford Button-Down Shirt S,Style,30,Hanging Garment Carton,10.71,0.0567,Ambient,Peliyagoda Central,2026-10-03T12:30:00
ST-JNS-242,12-unit Assortment Carton - Core Sand Straight Fit Denim Jeans S,Style,12,Assortment Carton,8.81,0.0315,Ambient,Peliyagoda Central,2026-10-03T12:30:00
ST-DRS-243,16-unit Hanging Garment Carton - Core Sand Printed Midi Dress S,Style,16,Hanging Garment Carton,7.34,0.0386,Ambient,Peliyagoda Central,2026-10-03T12:30:00
ST-JKT-244,20-unit Hanging Garment Carton - Core Sand Lightweight Bomber Jacket S,Style,20,Hanging Garment Carton,15.50,0.1260,Ambient,Peliyagoda Central,2026-10-03T12:30:00
ST-SNE-245,24-unit Shoe Carton - Core Sand Everyday Canvas Sneakers S,Style,24,Shoe Carton,21.54,0.1310,Ambient,Peliyagoda Central,2026-10-03T12:30:00
ST-BAG-246,30-unit Assortment Carton - Core Sand Structured Tote Bag S,Style,30,Assortment Carton,19.58,0.1890,Ambient,Peliyagoda Central,2026-10-03T12:30:00
ST-KNT-247,12-unit Assortment Carton - Core Sand Fine Knit Cardigan S,Style,12,Assortment Carton,5.88,0.0353,Ambient,Peliyagoda Central,2026-10-03T12:30:00
ST-SKT-248,16-unit Assortment Carton - Core Sand Pleated A-Line Skirt S,Style,16,Assortment Carton,6.53,0.0403,Ambient,Peliyagoda Central,2026-10-03T12:30:00
ST-ACC-249,20-unit Assortment Carton - Core Sand Woven Fashion Scarf S,Style,20,Assortment Carton,3.67,0.0210,Ambient,Peliyagoda Central,2026-10-03T12:30:00
ST-TEE-250,24-unit Hanging Garment Carton - Core Burgundy Cotton Crew Neck T-Shirt S,Style,24,Hanging Garment Carton,6.85,0.0302,Ambient,Peliyagoda Central,2026-10-03T12:30:00
ST-SHR-251,30-unit Hanging Garment Carton - Core Burgundy Oxford Button-Down Shirt S,Style,30,Hanging Garment Carton,10.71,0.0567,Ambient,Peliyagoda Central,2026-10-03T12:30:00
ST-JNS-252,12-unit Assortment Carton - Core Burgundy Straight Fit Denim Jeans S,Style,12,Assortment Carton,8.81,0.0315,Ambient,Peliyagoda Central,2026-10-03T12:30:00
ST-DRS-253,16-unit Hanging Garment Carton - Core Burgundy Printed Midi Dress S,Style,16,Hanging Garment Carton,7.34,0.0386,Ambient,Peliyagoda Central,2026-10-03T12:30:00
ST-JKT-254,20-unit Hanging Garment Carton - Core Burgundy Lightweight Bomber Jacket S,Style,20,Hanging Garment Carton,15.50,0.1260,Ambient,Peliyagoda Central,2026-10-03T12:30:00
ST-SNE-255,24-unit Shoe Carton - Core Burgundy Everyday Canvas Sneakers S,Style,24,Shoe Carton,21.54,0.1310,Ambient,Peliyagoda Central,2026-10-03T12:30:00
ST-BAG-256,30-unit Assortment Carton - Core Burgundy Structured Tote Bag S,Style,30,Assortment Carton,19.58,0.1890,Ambient,Peliyagoda Central,2026-10-03T12:30:00
ST-KNT-257,12-unit Assortment Carton - Core Burgundy Fine Knit Cardigan S,Style,12,Assortment Carton,5.88,0.0353,Ambient,Peliyagoda Central,2026-10-03T12:30:00
ST-SKT-258,16-unit Assortment Carton - Core Burgundy Pleated A-Line Skirt S,Style,16,Assortment Carton,6.53,0.0403,Ambient,Peliyagoda Central,2026-10-03T12:30:00
ST-ACC-259,20-unit Assortment Carton - Core Burgundy Woven Fashion Scarf S,Style,20,Assortment Carton,3.67,0.0210,Ambient,Peliyagoda Central,2026-10-03T12:30:00
ST-TEE-260,24-unit Hanging Garment Carton - Core Sky Blue Cotton Crew Neck T-Shirt S,Style,24,Hanging Garment Carton,6.85,0.0302,Ambient,Peliyagoda Central,2026-10-03T12:30:00
ST-SHR-261,30-unit Hanging Garment Carton - Core Sky Blue Oxford Button-Down Shirt S,Style,30,Hanging Garment Carton,10.71,0.0567,Ambient,Peliyagoda Central,2026-10-03T12:30:00
ST-JNS-262,12-unit Assortment Carton - Core Sky Blue Straight Fit Denim Jeans S,Style,12,Assortment Carton,8.81,0.0315,Ambient,Peliyagoda Central,2026-10-03T12:30:00
ST-DRS-263,16-unit Hanging Garment Carton - Core Sky Blue Printed Midi Dress S,Style,16,Hanging Garment Carton,7.34,0.0386,Ambient,Peliyagoda Central,2026-10-03T12:30:00
ST-JKT-264,20-unit Hanging Garment Carton - Core Sky Blue Lightweight Bomber Jacket S,Style,20,Hanging Garment Carton,15.50,0.1260,Ambient,Peliyagoda Central,2026-10-03T12:30:00
ST-SNE-265,24-unit Shoe Carton - Core Sky Blue Everyday Canvas Sneakers S,Style,24,Shoe Carton,21.54,0.1310,Ambient,Peliyagoda Central,2026-10-03T12:30:00
ST-BAG-266,30-unit Assortment Carton - Core Sky Blue Structured Tote Bag S,Style,30,Assortment Carton,19.58,0.1890,Ambient,Peliyagoda Central,2026-10-03T12:30:00
ST-KNT-267,12-unit Assortment Carton - Core Sky Blue Fine Knit Cardigan S,Style,12,Assortment Carton,5.88,0.0353,Ambient,Peliyagoda Central,2026-10-03T12:30:00
ST-SKT-268,16-unit Assortment Carton - Core Sky Blue Pleated A-Line Skirt S,Style,16,Assortment Carton,6.53,0.0403,Ambient,Peliyagoda Central,2026-10-03T12:30:00
ST-ACC-269,20-unit Assortment Carton - Core Sky Blue Woven Fashion Scarf S,Style,20,Assortment Carton,3.67,0.0210,Ambient,Peliyagoda Central,2026-10-03T12:30:00
ST-TEE-270,24-unit Hanging Garment Carton - Core Charcoal Cotton Crew Neck T-Shirt S,Style,24,Hanging Garment Carton,6.85,0.0302,Ambient,Peliyagoda Central,2026-10-03T12:30:00
ST-SHR-271,30-unit Hanging Garment Carton - Core Charcoal Oxford Button-Down Shirt S,Style,30,Hanging Garment Carton,10.71,0.0567,Ambient,Peliyagoda Central,2026-10-03T12:30:00
ST-JNS-272,12-unit Assortment Carton - Core Charcoal Straight Fit Denim Jeans S,Style,12,Assortment Carton,8.81,0.0315,Ambient,Peliyagoda Central,2026-10-03T12:30:00
ST-DRS-273,16-unit Hanging Garment Carton - Core Charcoal Printed Midi Dress S,Style,16,Hanging Garment Carton,7.34,0.0386,Ambient,Peliyagoda Central,2026-10-03T12:30:00
ST-JKT-274,20-unit Hanging Garment Carton - Core Charcoal Lightweight Bomber Jacket S,Style,20,Hanging Garment Carton,15.50,0.1260,Ambient,Peliyagoda Central,2026-10-03T12:30:00
ST-SNE-275,24-unit Shoe Carton - Core Charcoal Everyday Canvas Sneakers S,Style,24,Shoe Carton,21.54,0.1310,Ambient,Peliyagoda Central,2026-10-03T12:30:00
ST-BAG-276,30-unit Assortment Carton - Core Charcoal Structured Tote Bag S,Style,30,Assortment Carton,19.58,0.1890,Ambient,Peliyagoda Central,2026-10-03T12:30:00
ST-KNT-277,12-unit Assortment Carton - Core Charcoal Fine Knit Cardigan S,Style,12,Assortment Carton,5.88,0.0353,Ambient,Peliyagoda Central,2026-10-03T12:30:00
ST-SKT-278,16-unit Assortment Carton - Core Charcoal Pleated A-Line Skirt S,Style,16,Assortment Carton,6.53,0.0403,Ambient,Peliyagoda Central,2026-10-03T12:30:00
ST-ACC-279,20-unit Assortment Carton - Core Charcoal Woven Fashion Scarf S,Style,20,Assortment Carton,3.67,0.0210,Ambient,Peliyagoda Central,2026-10-03T12:30:00
ST-TEE-280,24-unit Hanging Garment Carton - Core Coral Cotton Crew Neck T-Shirt S,Style,24,Hanging Garment Carton,6.85,0.0302,Ambient,Peliyagoda Central,2026-10-03T12:30:00
ST-SHR-281,30-unit Hanging Garment Carton - Core Coral Oxford Button-Down Shirt S,Style,30,Hanging Garment Carton,10.71,0.0567,Ambient,Peliyagoda Central,2026-10-03T12:30:00
ST-JNS-282,12-unit Assortment Carton - Core Coral Straight Fit Denim Jeans S,Style,12,Assortment Carton,8.81,0.0315,Ambient,Peliyagoda Central,2026-10-03T12:30:00
ST-DRS-283,16-unit Hanging Garment Carton - Core Coral Printed Midi Dress S,Style,16,Hanging Garment Carton,7.34,0.0386,Ambient,Peliyagoda Central,2026-10-03T12:30:00
ST-JKT-284,20-unit Hanging Garment Carton - Core Coral Lightweight Bomber Jacket S,Style,20,Hanging Garment Carton,15.50,0.1260,Ambient,Peliyagoda Central,2026-10-03T12:30:00
ST-SNE-285,24-unit Shoe Carton - Core Coral Everyday Canvas Sneakers S,Style,24,Shoe Carton,21.54,0.1310,Ambient,Peliyagoda Central,2026-10-03T12:30:00
ST-BAG-286,30-unit Assortment Carton - Core Coral Structured Tote Bag S,Style,30,Assortment Carton,19.58,0.1890,Ambient,Peliyagoda Central,2026-10-03T12:30:00
ST-KNT-287,12-unit Assortment Carton - Core Coral Fine Knit Cardigan S,Style,12,Assortment Carton,5.88,0.0353,Ambient,Peliyagoda Central,2026-10-03T12:30:00
ST-SKT-288,16-unit Assortment Carton - Core Coral Pleated A-Line Skirt S,Style,16,Assortment Carton,6.53,0.0403,Ambient,Peliyagoda Central,2026-10-03T12:30:00
ST-ACC-289,20-unit Assortment Carton - Core Coral Woven Fashion Scarf S,Style,20,Assortment Carton,3.67,0.0210,Ambient,Peliyagoda Central,2026-10-03T12:30:00
ST-TEE-290,24-unit Hanging Garment Carton - Core Stone Cotton Crew Neck T-Shirt S,Style,24,Hanging Garment Carton,6.85,0.0302,Ambient,Peliyagoda Central,2026-10-03T12:30:00
ST-SHR-291,30-unit Hanging Garment Carton - Core Stone Oxford Button-Down Shirt S,Style,30,Hanging Garment Carton,10.71,0.0567,Ambient,Peliyagoda Central,2026-10-03T12:30:00
ST-JNS-292,12-unit Assortment Carton - Core Stone Straight Fit Denim Jeans S,Style,12,Assortment Carton,8.81,0.0315,Ambient,Peliyagoda Central,2026-10-03T12:30:00
ST-DRS-293,16-unit Hanging Garment Carton - Core Stone Printed Midi Dress S,Style,16,Hanging Garment Carton,7.34,0.0386,Ambient,Peliyagoda Central,2026-10-03T12:30:00
ST-JKT-294,20-unit Hanging Garment Carton - Core Stone Lightweight Bomber Jacket S,Style,20,Hanging Garment Carton,15.50,0.1260,Ambient,Peliyagoda Central,2026-10-03T12:30:00
ST-SNE-295,24-unit Shoe Carton - Core Stone Everyday Canvas Sneakers S,Style,24,Shoe Carton,21.54,0.1310,Ambient,Peliyagoda Central,2026-10-03T12:30:00
ST-BAG-296,30-unit Assortment Carton - Core Stone Structured Tote Bag S,Style,30,Assortment Carton,19.58,0.1890,Ambient,Peliyagoda Central,2026-10-03T12:30:00
ST-KNT-297,12-unit Assortment Carton - Core Stone Fine Knit Cardigan S,Style,12,Assortment Carton,5.88,0.0353,Ambient,Peliyagoda Central,2026-10-03T12:30:00
ST-SKT-298,16-unit Assortment Carton - Core Stone Pleated A-Line Skirt S,Style,16,Assortment Carton,6.53,0.0403,Ambient,Peliyagoda Central,2026-10-03T12:30:00
ST-ACC-299,20-unit Assortment Carton - Core Stone Woven Fashion Scarf S,Style,20,Assortment Carton,3.67,0.0210,Ambient,Peliyagoda Central,2026-10-03T12:30:00
ST-TEE-300,24-unit Hanging Garment Carton - Core Navy Cotton Crew Neck T-Shirt M,Style,24,Hanging Garment Carton,6.85,0.0302,Ambient,Peliyagoda Central,2026-10-03T12:30:00
ST-SHR-301,30-unit Hanging Garment Carton - Core Navy Oxford Button-Down Shirt M,Style,30,Hanging Garment Carton,10.71,0.0567,Ambient,Peliyagoda Central,2026-10-03T12:30:00
ST-JNS-302,12-unit Assortment Carton - Core Navy Straight Fit Denim Jeans M,Style,12,Assortment Carton,8.81,0.0315,Ambient,Peliyagoda Central,2026-10-03T12:30:00
ST-DRS-303,16-unit Hanging Garment Carton - Core Navy Printed Midi Dress M,Style,16,Hanging Garment Carton,7.34,0.0386,Ambient,Peliyagoda Central,2026-10-03T12:30:00
ST-JKT-304,20-unit Hanging Garment Carton - Core Navy Lightweight Bomber Jacket M,Style,20,Hanging Garment Carton,15.50,0.1260,Ambient,Peliyagoda Central,2026-10-03T12:30:00
ST-SNE-305,24-unit Shoe Carton - Core Navy Everyday Canvas Sneakers M,Style,24,Shoe Carton,21.54,0.1310,Ambient,Peliyagoda Central,2026-10-03T12:30:00
ST-BAG-306,30-unit Assortment Carton - Core Navy Structured Tote Bag M,Style,30,Assortment Carton,19.58,0.1890,Ambient,Peliyagoda Central,2026-10-03T12:30:00
ST-KNT-307,12-unit Assortment Carton - Core Navy Fine Knit Cardigan M,Style,12,Assortment Carton,5.88,0.0353,Ambient,Peliyagoda Central,2026-10-03T12:30:00
ST-SKT-308,16-unit Assortment Carton - Core Navy Pleated A-Line Skirt M,Style,16,Assortment Carton,6.53,0.0403,Ambient,Peliyagoda Central,2026-10-03T12:30:00
ST-ACC-309,20-unit Assortment Carton - Core Navy Woven Fashion Scarf M,Style,20,Assortment Carton,3.67,0.0210,Ambient,Peliyagoda Central,2026-10-03T12:30:00
ST-TEE-310,24-unit Hanging Garment Carton - Core Black Cotton Crew Neck T-Shirt M,Style,24,Hanging Garment Carton,6.85,0.0302,Ambient,Peliyagoda Central,2026-10-03T12:30:00
ST-SHR-311,30-unit Hanging Garment Carton - Core Black Oxford Button-Down Shirt M,Style,30,Hanging Garment Carton,10.71,0.0567,Ambient,Peliyagoda Central,2026-10-03T12:30:00
ST-JNS-312,12-unit Assortment Carton - Core Black Straight Fit Denim Jeans M,Style,12,Assortment Carton,8.81,0.0315,Ambient,Peliyagoda Central,2026-10-03T12:30:00
ST-DRS-313,16-unit Hanging Garment Carton - Core Black Printed Midi Dress M,Style,16,Hanging Garment Carton,7.34,0.0386,Ambient,Peliyagoda Central,2026-10-03T12:30:00
ST-JKT-314,20-unit Hanging Garment Carton - Core Black Lightweight Bomber Jacket M,Style,20,Hanging Garment Carton,15.50,0.1260,Ambient,Peliyagoda Central,2026-10-03T12:30:00
ST-SNE-315,24-unit Shoe Carton - Core Black Everyday Canvas Sneakers M,Style,24,Shoe Carton,21.54,0.1310,Ambient,Peliyagoda Central,2026-10-03T12:30:00
ST-BAG-316,30-unit Assortment Carton - Core Black Structured Tote Bag M,Style,30,Assortment Carton,19.58,0.1890,Ambient,Peliyagoda Central,2026-10-03T12:30:00
ST-KNT-317,12-unit Assortment Carton - Core Black Fine Knit Cardigan M,Style,12,Assortment Carton,5.88,0.0353,Ambient,Peliyagoda Central,2026-10-03T12:30:00
ST-SKT-318,16-unit Assortment Carton - Core Black Pleated A-Line Skirt M,Style,16,Assortment Carton,6.53,0.0403,Ambient,Peliyagoda Central,2026-10-03T12:30:00
ST-ACC-319,20-unit Assortment Carton - Core Black Woven Fashion Scarf M,Style,20,Assortment Carton,3.67,0.0210,Ambient,Peliyagoda Central,2026-10-03T12:30:00
ST-TEE-320,24-unit Hanging Garment Carton - Core White Cotton Crew Neck T-Shirt M,Style,24,Hanging Garment Carton,6.85,0.0302,Ambient,Peliyagoda Central,2026-10-03T12:30:00
ST-SHR-321,30-unit Hanging Garment Carton - Core White Oxford Button-Down Shirt M,Style,30,Hanging Garment Carton,10.71,0.0567,Ambient,Peliyagoda Central,2026-10-03T12:30:00
ST-JNS-322,12-unit Assortment Carton - Core White Straight Fit Denim Jeans M,Style,12,Assortment Carton,8.81,0.0315,Ambient,Peliyagoda Central,2026-10-03T12:30:00
ST-DRS-323,16-unit Hanging Garment Carton - Core White Printed Midi Dress M,Style,16,Hanging Garment Carton,7.34,0.0386,Ambient,Peliyagoda Central,2026-10-03T12:30:00
ST-JKT-324,20-unit Hanging Garment Carton - Core White Lightweight Bomber Jacket M,Style,20,Hanging Garment Carton,15.50,0.1260,Ambient,Peliyagoda Central,2026-10-03T12:30:00
ST-SNE-325,24-unit Shoe Carton - Core White Everyday Canvas Sneakers M,Style,24,Shoe Carton,21.54,0.1310,Ambient,Peliyagoda Central,2026-10-03T12:30:00
ST-BAG-326,30-unit Assortment Carton - Core White Structured Tote Bag M,Style,30,Assortment Carton,19.58,0.1890,Ambient,Peliyagoda Central,2026-10-03T12:30:00
ST-KNT-327,12-unit Assortment Carton - Core White Fine Knit Cardigan M,Style,12,Assortment Carton,5.88,0.0353,Ambient,Peliyagoda Central,2026-10-03T12:30:00
ST-SKT-328,16-unit Assortment Carton - Core White Pleated A-Line Skirt M,Style,16,Assortment Carton,6.53,0.0403,Ambient,Peliyagoda Central,2026-10-03T12:30:00
ST-ACC-329,20-unit Assortment Carton - Core White Woven Fashion Scarf M,Style,20,Assortment Carton,3.67,0.0210,Ambient,Peliyagoda Central,2026-10-03T12:30:00
ST-TEE-330,24-unit Hanging Garment Carton - Core Olive Cotton Crew Neck T-Shirt M,Style,24,Hanging Garment Carton,6.85,0.0302,Ambient,Peliyagoda Central,2026-10-03T12:30:00
ST-SHR-331,30-unit Hanging Garment Carton - Core Olive Oxford Button-Down Shirt M,Style,30,Hanging Garment Carton,10.71,0.0567,Ambient,Peliyagoda Central,2026-10-03T12:30:00
ST-JNS-332,12-unit Assortment Carton - Core Olive Straight Fit Denim Jeans M,Style,12,Assortment Carton,8.81,0.0315,Ambient,Peliyagoda Central,2026-10-03T12:30:00
ST-DRS-333,16-unit Hanging Garment Carton - Core Olive Printed Midi Dress M,Style,16,Hanging Garment Carton,7.34,0.0386,Ambient,Peliyagoda Central,2026-10-03T12:30:00
ST-JKT-334,20-unit Hanging Garment Carton - Core Olive Lightweight Bomber Jacket M,Style,20,Hanging Garment Carton,15.50,0.1260,Ambient,Peliyagoda Central,2026-10-03T12:30:00
ST-SNE-335,24-unit Shoe Carton - Core Olive Everyday Canvas Sneakers M,Style,24,Shoe Carton,21.54,0.1310,Ambient,Peliyagoda Central,2026-10-03T12:30:00
ST-BAG-336,30-unit Assortment Carton - Core Olive Structured Tote Bag M,Style,30,Assortment Carton,19.58,0.1890,Ambient,Peliyagoda Central,2026-10-03T12:30:00
ST-KNT-337,12-unit Assortment Carton - Core Olive Fine Knit Cardigan M,Style,12,Assortment Carton,5.88,0.0353,Ambient,Peliyagoda Central,2026-10-03T12:30:00
ST-SKT-338,16-unit Assortment Carton - Core Olive Pleated A-Line Skirt M,Style,16,Assortment Carton,6.53,0.0403,Ambient,Peliyagoda Central,2026-10-03T12:30:00
ST-ACC-339,20-unit Assortment Carton - Core Olive Woven Fashion Scarf M,Style,20,Assortment Carton,3.67,0.0210,Ambient,Peliyagoda Central,2026-10-03T12:30:00
ST-TEE-340,24-unit Hanging Garment Carton - Core Sand Cotton Crew Neck T-Shirt M,Style,24,Hanging Garment Carton,6.85,0.0302,Ambient,Peliyagoda Central,2026-10-03T12:30:00
ST-SHR-341,30-unit Hanging Garment Carton - Core Sand Oxford Button-Down Shirt M,Style,30,Hanging Garment Carton,10.71,0.0567,Ambient,Peliyagoda Central,2026-10-03T12:30:00
ST-JNS-342,12-unit Assortment Carton - Core Sand Straight Fit Denim Jeans M,Style,12,Assortment Carton,8.81,0.0315,Ambient,Peliyagoda Central,2026-10-03T12:30:00
ST-DRS-343,16-unit Hanging Garment Carton - Core Sand Printed Midi Dress M,Style,16,Hanging Garment Carton,7.34,0.0386,Ambient,Peliyagoda Central,2026-10-03T12:30:00
ST-JKT-344,20-unit Hanging Garment Carton - Core Sand Lightweight Bomber Jacket M,Style,20,Hanging Garment Carton,15.50,0.1260,Ambient,Peliyagoda Central,2026-10-03T12:30:00
ST-SNE-345,24-unit Shoe Carton - Core Sand Everyday Canvas Sneakers M,Style,24,Shoe Carton,21.54,0.1310,Ambient,Peliyagoda Central,2026-10-03T12:30:00
ST-BAG-346,30-unit Assortment Carton - Core Sand Structured Tote Bag M,Style,30,Assortment Carton,19.58,0.1890,Ambient,Peliyagoda Central,2026-10-03T12:30:00
ST-KNT-347,12-unit Assortment Carton - Core Sand Fine Knit Cardigan M,Style,12,Assortment Carton,5.88,0.0353,Ambient,Peliyagoda Central,2026-10-03T12:30:00
ST-SKT-348,16-unit Assortment Carton - Core Sand Pleated A-Line Skirt M,Style,16,Assortment Carton,6.53,0.0403,Ambient,Peliyagoda Central,2026-10-03T12:30:00
ST-ACC-349,20-unit Assortment Carton - Core Sand Woven Fashion Scarf M,Style,20,Assortment Carton,3.67,0.0210,Ambient,Peliyagoda Central,2026-10-03T12:30:00
ST-TEE-350,24-unit Hanging Garment Carton - Core Burgundy Cotton Crew Neck T-Shirt M,Style,24,Hanging Garment Carton,6.85,0.0302,Ambient,Peliyagoda Central,2026-10-03T12:30:00
ST-SHR-351,30-unit Hanging Garment Carton - Core Burgundy Oxford Button-Down Shirt M,Style,30,Hanging Garment Carton,10.71,0.0567,Ambient,Peliyagoda Central,2026-10-03T12:30:00
ST-JNS-352,12-unit Assortment Carton - Core Burgundy Straight Fit Denim Jeans M,Style,12,Assortment Carton,8.81,0.0315,Ambient,Peliyagoda Central,2026-10-03T12:30:00
ST-DRS-353,16-unit Hanging Garment Carton - Core Burgundy Printed Midi Dress M,Style,16,Hanging Garment Carton,7.34,0.0386,Ambient,Peliyagoda Central,2026-10-03T12:30:00
ST-JKT-354,20-unit Hanging Garment Carton - Core Burgundy Lightweight Bomber Jacket M,Style,20,Hanging Garment Carton,15.50,0.1260,Ambient,Peliyagoda Central,2026-10-03T12:30:00
ST-SNE-355,24-unit Shoe Carton - Core Burgundy Everyday Canvas Sneakers M,Style,24,Shoe Carton,21.54,0.1310,Ambient,Peliyagoda Central,2026-10-03T12:30:00
ST-BAG-356,30-unit Assortment Carton - Core Burgundy Structured Tote Bag M,Style,30,Assortment Carton,19.58,0.1890,Ambient,Peliyagoda Central,2026-10-03T12:30:00
ST-KNT-357,12-unit Assortment Carton - Core Burgundy Fine Knit Cardigan M,Style,12,Assortment Carton,5.88,0.0353,Ambient,Peliyagoda Central,2026-10-03T12:30:00
ST-SKT-358,16-unit Assortment Carton - Core Burgundy Pleated A-Line Skirt M,Style,16,Assortment Carton,6.53,0.0403,Ambient,Peliyagoda Central,2026-10-03T12:30:00
ST-ACC-359,20-unit Assortment Carton - Core Burgundy Woven Fashion Scarf M,Style,20,Assortment Carton,3.67,0.0210,Ambient,Peliyagoda Central,2026-10-03T12:30:00
ST-TEE-360,24-unit Hanging Garment Carton - Core Sky Blue Cotton Crew Neck T-Shirt M,Style,24,Hanging Garment Carton,6.85,0.0302,Ambient,Peliyagoda Central,2026-10-03T12:30:00
ST-SHR-361,30-unit Hanging Garment Carton - Core Sky Blue Oxford Button-Down Shirt M,Style,30,Hanging Garment Carton,10.71,0.0567,Ambient,Peliyagoda Central,2026-10-03T12:30:00
ST-JNS-362,12-unit Assortment Carton - Core Sky Blue Straight Fit Denim Jeans M,Style,12,Assortment Carton,8.81,0.0315,Ambient,Peliyagoda Central,2026-10-03T12:30:00
ST-DRS-363,16-unit Hanging Garment Carton - Core Sky Blue Printed Midi Dress M,Style,16,Hanging Garment Carton,7.34,0.0386,Ambient,Peliyagoda Central,2026-10-03T12:30:00
ST-JKT-364,20-unit Hanging Garment Carton - Core Sky Blue Lightweight Bomber Jacket M,Style,20,Hanging Garment Carton,15.50,0.1260,Ambient,Peliyagoda Central,2026-10-03T12:30:00
ST-SNE-365,24-unit Shoe Carton - Core Sky Blue Everyday Canvas Sneakers M,Style,24,Shoe Carton,21.54,0.1310,Ambient,Peliyagoda Central,2026-10-03T12:30:00
ST-BAG-366,30-unit Assortment Carton - Core Sky Blue Structured Tote Bag M,Style,30,Assortment Carton,19.58,0.1890,Ambient,Peliyagoda Central,2026-10-03T12:30:00
ST-KNT-367,12-unit Assortment Carton - Core Sky Blue Fine Knit Cardigan M,Style,12,Assortment Carton,5.88,0.0353,Ambient,Peliyagoda Central,2026-10-03T12:30:00
ST-SKT-368,16-unit Assortment Carton - Core Sky Blue Pleated A-Line Skirt M,Style,16,Assortment Carton,6.53,0.0403,Ambient,Peliyagoda Central,2026-10-03T12:30:00
ST-ACC-369,20-unit Assortment Carton - Core Sky Blue Woven Fashion Scarf M,Style,20,Assortment Carton,3.67,0.0210,Ambient,Peliyagoda Central,2026-10-03T12:30:00
ST-TEE-370,24-unit Hanging Garment Carton - Core Charcoal Cotton Crew Neck T-Shirt M,Style,24,Hanging Garment Carton,6.85,0.0302,Ambient,Peliyagoda Central,2026-10-03T12:30:00
ST-SHR-371,30-unit Hanging Garment Carton - Core Charcoal Oxford Button-Down Shirt M,Style,30,Hanging Garment Carton,10.71,0.0567,Ambient,Peliyagoda Central,2026-10-03T12:30:00
ST-JNS-372,12-unit Assortment Carton - Core Charcoal Straight Fit Denim Jeans M,Style,12,Assortment Carton,8.81,0.0315,Ambient,Peliyagoda Central,2026-10-03T12:30:00
ST-DRS-373,16-unit Hanging Garment Carton - Core Charcoal Printed Midi Dress M,Style,16,Hanging Garment Carton,7.34,0.0386,Ambient,Peliyagoda Central,2026-10-03T12:30:00
ST-JKT-374,20-unit Hanging Garment Carton - Core Charcoal Lightweight Bomber Jacket M,Style,20,Hanging Garment Carton,15.50,0.1260,Ambient,Peliyagoda Central,2026-10-03T12:30:00
ST-SNE-375,24-unit Shoe Carton - Core Charcoal Everyday Canvas Sneakers M,Style,24,Shoe Carton,21.54,0.1310,Ambient,Peliyagoda Central,2026-10-03T12:30:00
ST-BAG-376,30-unit Assortment Carton - Core Charcoal Structured Tote Bag M,Style,30,Assortment Carton,19.58,0.1890,Ambient,Peliyagoda Central,2026-10-03T12:30:00
ST-KNT-377,12-unit Assortment Carton - Core Charcoal Fine Knit Cardigan M,Style,12,Assortment Carton,5.88,0.0353,Ambient,Peliyagoda Central,2026-10-03T12:30:00
ST-SKT-378,16-unit Assortment Carton - Core Charcoal Pleated A-Line Skirt M,Style,16,Assortment Carton,6.53,0.0403,Ambient,Peliyagoda Central,2026-10-03T12:30:00
ST-ACC-379,20-unit Assortment Carton - Core Charcoal Woven Fashion Scarf M,Style,20,Assortment Carton,3.67,0.0210,Ambient,Peliyagoda Central,2026-10-03T12:30:00
ST-TEE-380,24-unit Hanging Garment Carton - Core Coral Cotton Crew Neck T-Shirt M,Style,24,Hanging Garment Carton,6.85,0.0302,Ambient,Peliyagoda Central,2026-10-03T12:30:00
ST-SHR-381,30-unit Hanging Garment Carton - Core Coral Oxford Button-Down Shirt M,Style,30,Hanging Garment Carton,10.71,0.0567,Ambient,Peliyagoda Central,2026-10-03T12:30:00
ST-JNS-382,12-unit Assortment Carton - Core Coral Straight Fit Denim Jeans M,Style,12,Assortment Carton,8.81,0.0315,Ambient,Peliyagoda Central,2026-10-03T12:30:00
ST-DRS-383,16-unit Hanging Garment Carton - Core Coral Printed Midi Dress M,Style,16,Hanging Garment Carton,7.34,0.0386,Ambient,Peliyagoda Central,2026-10-03T12:30:00
ST-JKT-384,20-unit Hanging Garment Carton - Core Coral Lightweight Bomber Jacket M,Style,20,Hanging Garment Carton,15.50,0.1260,Ambient,Peliyagoda Central,2026-10-03T12:30:00
ST-SNE-385,24-unit Shoe Carton - Core Coral Everyday Canvas Sneakers M,Style,24,Shoe Carton,21.54,0.1310,Ambient,Peliyagoda Central,2026-10-03T12:30:00
ST-BAG-386,30-unit Assortment Carton - Core Coral Structured Tote Bag M,Style,30,Assortment Carton,19.58,0.1890,Ambient,Peliyagoda Central,2026-10-03T12:30:00
ST-KNT-387,12-unit Assortment Carton - Core Coral Fine Knit Cardigan M,Style,12,Assortment Carton,5.88,0.0353,Ambient,Peliyagoda Central,2026-10-03T12:30:00
ST-SKT-388,16-unit Assortment Carton - Core Coral Pleated A-Line Skirt M,Style,16,Assortment Carton,6.53,0.0403,Ambient,Peliyagoda Central,2026-10-03T12:30:00
ST-ACC-389,20-unit Assortment Carton - Core Coral Woven Fashion Scarf M,Style,20,Assortment Carton,3.67,0.0210,Ambient,Peliyagoda Central,2026-10-03T12:30:00
ST-TEE-390,24-unit Hanging Garment Carton - Core Stone Cotton Crew Neck T-Shirt M,Style,24,Hanging Garment Carton,6.85,0.0302,Ambient,Peliyagoda Central,2026-10-03T12:30:00
ST-SHR-391,30-unit Hanging Garment Carton - Core Stone Oxford Button-Down Shirt M,Style,30,Hanging Garment Carton,10.71,0.0567,Ambient,Peliyagoda Central,2026-10-03T12:30:00
ST-JNS-392,12-unit Assortment Carton - Core Stone Straight Fit Denim Jeans M,Style,12,Assortment Carton,8.81,0.0315,Ambient,Peliyagoda Central,2026-10-03T12:30:00
ST-DRS-393,16-unit Hanging Garment Carton - Core Stone Printed Midi Dress M,Style,16,Hanging Garment Carton,7.34,0.0386,Ambient,Peliyagoda Central,2026-10-03T12:30:00
ST-JKT-394,20-unit Hanging Garment Carton - Core Stone Lightweight Bomber Jacket M,Style,20,Hanging Garment Carton,15.50,0.1260,Ambient,Peliyagoda Central,2026-10-03T12:30:00
ST-SNE-395,24-unit Shoe Carton - Core Stone Everyday Canvas Sneakers M,Style,24,Shoe Carton,21.54,0.1310,Ambient,Peliyagoda Central,2026-10-03T12:30:00
ST-BAG-396,30-unit Assortment Carton - Core Stone Structured Tote Bag M,Style,30,Assortment Carton,19.58,0.1890,Ambient,Peliyagoda Central,2026-10-03T12:30:00
ST-KNT-397,12-unit Assortment Carton - Core Stone Fine Knit Cardigan M,Style,12,Assortment Carton,5.88,0.0353,Ambient,Peliyagoda Central,2026-10-03T12:30:00
ST-SKT-398,16-unit Assortment Carton - Core Stone Pleated A-Line Skirt M,Style,16,Assortment Carton,6.53,0.0403,Ambient,Peliyagoda Central,2026-10-03T12:30:00
ST-ACC-399,20-unit Assortment Carton - Core Stone Woven Fashion Scarf M,Style,20,Assortment Carton,3.67,0.0210,Ambient,Peliyagoda Central,2026-10-03T12:30:00
ST-TEE-400,24-unit Hanging Garment Carton - Core Navy Cotton Crew Neck T-Shirt L,Style,24,Hanging Garment Carton,6.85,0.0302,Ambient,Peliyagoda Central,2026-10-03T12:30:00
ST-SHR-401,30-unit Hanging Garment Carton - Core Navy Oxford Button-Down Shirt L,Style,30,Hanging Garment Carton,10.71,0.0567,Ambient,Peliyagoda Central,2026-10-03T12:30:00
ST-JNS-402,12-unit Assortment Carton - Core Navy Straight Fit Denim Jeans L,Style,12,Assortment Carton,8.81,0.0315,Ambient,Peliyagoda Central,2026-10-03T12:30:00
ST-DRS-403,16-unit Hanging Garment Carton - Core Navy Printed Midi Dress L,Style,16,Hanging Garment Carton,7.34,0.0386,Ambient,Peliyagoda Central,2026-10-03T12:30:00
ST-JKT-404,20-unit Hanging Garment Carton - Core Navy Lightweight Bomber Jacket L,Style,20,Hanging Garment Carton,15.50,0.1260,Ambient,Peliyagoda Central,2026-10-03T12:30:00
ST-SNE-405,24-unit Shoe Carton - Core Navy Everyday Canvas Sneakers L,Style,24,Shoe Carton,21.54,0.1310,Ambient,Peliyagoda Central,2026-10-03T12:30:00
ST-BAG-406,30-unit Assortment Carton - Core Navy Structured Tote Bag L,Style,30,Assortment Carton,19.58,0.1890,Ambient,Peliyagoda Central,2026-10-03T12:30:00
ST-KNT-407,12-unit Assortment Carton - Core Navy Fine Knit Cardigan L,Style,12,Assortment Carton,5.88,0.0353,Ambient,Peliyagoda Central,2026-10-03T12:30:00
ST-SKT-408,16-unit Assortment Carton - Core Navy Pleated A-Line Skirt L,Style,16,Assortment Carton,6.53,0.0403,Ambient,Peliyagoda Central,2026-10-03T12:30:00
ST-ACC-409,20-unit Assortment Carton - Core Navy Woven Fashion Scarf L,Style,20,Assortment Carton,3.67,0.0210,Ambient,Peliyagoda Central,2026-10-03T12:30:00
ST-TEE-410,24-unit Hanging Garment Carton - Core Black Cotton Crew Neck T-Shirt L,Style,24,Hanging Garment Carton,6.85,0.0302,Ambient,Peliyagoda Central,2026-10-03T12:30:00
ST-SHR-411,30-unit Hanging Garment Carton - Core Black Oxford Button-Down Shirt L,Style,30,Hanging Garment Carton,10.71,0.0567,Ambient,Peliyagoda Central,2026-10-03T12:30:00
ST-JNS-412,12-unit Assortment Carton - Core Black Straight Fit Denim Jeans L,Style,12,Assortment Carton,8.81,0.0315,Ambient,Peliyagoda Central,2026-10-03T12:30:00
ST-DRS-413,16-unit Hanging Garment Carton - Core Black Printed Midi Dress L,Style,16,Hanging Garment Carton,7.34,0.0386,Ambient,Peliyagoda Central,2026-10-03T12:30:00
ST-JKT-414,20-unit Hanging Garment Carton - Core Black Lightweight Bomber Jacket L,Style,20,Hanging Garment Carton,15.50,0.1260,Ambient,Peliyagoda Central,2026-10-03T12:30:00
ST-SNE-415,24-unit Shoe Carton - Core Black Everyday Canvas Sneakers L,Style,24,Shoe Carton,21.54,0.1310,Ambient,Peliyagoda Central,2026-10-03T12:30:00
ST-BAG-416,30-unit Assortment Carton - Core Black Structured Tote Bag L,Style,30,Assortment Carton,19.58,0.1890,Ambient,Peliyagoda Central,2026-10-03T12:30:00
ST-KNT-417,12-unit Assortment Carton - Core Black Fine Knit Cardigan L,Style,12,Assortment Carton,5.88,0.0353,Ambient,Peliyagoda Central,2026-10-03T12:30:00
ST-SKT-418,16-unit Assortment Carton - Core Black Pleated A-Line Skirt L,Style,16,Assortment Carton,6.53,0.0403,Ambient,Peliyagoda Central,2026-10-03T12:30:00
ST-ACC-419,20-unit Assortment Carton - Core Black Woven Fashion Scarf L,Style,20,Assortment Carton,3.67,0.0210,Ambient,Peliyagoda Central,2026-10-03T12:30:00
ST-TEE-420,24-unit Hanging Garment Carton - Core White Cotton Crew Neck T-Shirt L,Style,24,Hanging Garment Carton,6.85,0.0302,Ambient,Peliyagoda Central,2026-10-03T12:30:00
ST-SHR-421,30-unit Hanging Garment Carton - Core White Oxford Button-Down Shirt L,Style,30,Hanging Garment Carton,10.71,0.0567,Ambient,Peliyagoda Central,2026-10-03T12:30:00
ST-JNS-422,12-unit Assortment Carton - Core White Straight Fit Denim Jeans L,Style,12,Assortment Carton,8.81,0.0315,Ambient,Peliyagoda Central,2026-10-03T12:30:00
ST-DRS-423,16-unit Hanging Garment Carton - Core White Printed Midi Dress L,Style,16,Hanging Garment Carton,7.34,0.0386,Ambient,Peliyagoda Central,2026-10-03T12:30:00
ST-JKT-424,20-unit Hanging Garment Carton - Core White Lightweight Bomber Jacket L,Style,20,Hanging Garment Carton,15.50,0.1260,Ambient,Peliyagoda Central,2026-10-03T12:30:00
ST-SNE-425,24-unit Shoe Carton - Core White Everyday Canvas Sneakers L,Style,24,Shoe Carton,21.54,0.1310,Ambient,Peliyagoda Central,2026-10-03T12:30:00
ST-BAG-426,30-unit Assortment Carton - Core White Structured Tote Bag L,Style,30,Assortment Carton,19.58,0.1890,Ambient,Peliyagoda Central,2026-10-03T12:30:00
ST-KNT-427,12-unit Assortment Carton - Core White Fine Knit Cardigan L,Style,12,Assortment Carton,5.88,0.0353,Ambient,Peliyagoda Central,2026-10-03T12:30:00
ST-SKT-428,16-unit Assortment Carton - Core White Pleated A-Line Skirt L,Style,16,Assortment Carton,6.53,0.0403,Ambient,Peliyagoda Central,2026-10-03T12:30:00
ST-ACC-429,20-unit Assortment Carton - Core White Woven Fashion Scarf L,Style,20,Assortment Carton,3.67,0.0210,Ambient,Peliyagoda Central,2026-10-03T12:30:00
ST-TEE-430,24-unit Hanging Garment Carton - Core Olive Cotton Crew Neck T-Shirt L,Style,24,Hanging Garment Carton,6.85,0.0302,Ambient,Peliyagoda Central,2026-10-03T12:30:00
ST-SHR-431,30-unit Hanging Garment Carton - Core Olive Oxford Button-Down Shirt L,Style,30,Hanging Garment Carton,10.71,0.0567,Ambient,Peliyagoda Central,2026-10-03T12:30:00
ST-JNS-432,12-unit Assortment Carton - Core Olive Straight Fit Denim Jeans L,Style,12,Assortment Carton,8.81,0.0315,Ambient,Peliyagoda Central,2026-10-03T12:30:00
ST-DRS-433,16-unit Hanging Garment Carton - Core Olive Printed Midi Dress L,Style,16,Hanging Garment Carton,7.34,0.0386,Ambient,Peliyagoda Central,2026-10-03T12:30:00
